event_slug	event_name	confidence	mentions	label	published	source	title	snippet	doc_id	url	note
hsinchu-stadium	新竹棒球場案	high	7	1	2026-01-13	udn	新竹棒球場遭傳「挖穿停車場」 市府蒐證：不排除提告	針對近期網路上關於新竹棒球場開挖與改善工程討論，包括挖到棒球場或地下停車場混凝土本體、挖穿結構等說法，新竹市政府今表示，針對蓄意製造或散播有	205497	https://udn.com/news/story/7324/9262953	提議：標題直接指向該案件
hsinchu-stadium	新竹棒球場案	high	5	1	2026-08-29	ettoday	新竹棒球場不起訴　莊競程：高虹安口中「大祕寶」就是一場鬧劇	記者杜冠霖／台北報導 新竹市立棒球場新建統包工程案28日偵查終結，前新竹市長林智堅涉嫌偽造文書與圖利罪部分，皆獲得不起訴。民進黨新竹市長參選	81	https://www.ettoday.net/news/20260829/3228016.htm	提議：標題直接指向該案件
hsinchu-stadium	新竹棒球場案	high	3	1	2025-07-24	udn	藍揭新竹棒球場廠商連倒2周廢棄物回填校園 綠營回應曝光	新竹市議會國民黨團今召開記者會批承攬新竹棒球場工程的巨佳營造，竟將拆除的廢棄物回填至華德福校園。民進黨黨團也回應，民進黨的立場從頭到尾都一致	118476	https://udn.com/news/story/7324/8893599	提議：標題直接指向該案件
hsinchu-stadium	新竹棒球場案	high	2	1	2026-08-29	ltn	新竹棒球場案林智堅不起訴  曾翰揚：政治操作謊言不敵司法檢驗	新竹市立棒球場案前市長林智堅獲不起訴，市議員參選人曾翰揚稱，市長高虹安為撈取政治利益，不惜將竹市過去幾年的重大公共建設全面抹黑。用鋪天蓋地的	158	https://news.ltn.com.tw/news/politics/breakingnews/5556702	提議：標題直接指向該案件
hsinchu-stadium	新竹棒球場案	high	2	1	2026-08-29	ettoday	新竹棒球場案不起訴！議員：高虹安、柯文哲欠林智堅一個道歉	記者郭玗潔／新竹報導 新竹市立棒球場新建統包工程案28日偵查終結，林智堅遭控涉嫌圖利巨佳公司及艾奕康公司，不當追加工程及專管預算，經近4年偵	113	https://www.ettoday.net/news/20260829/3227753.htm	提議：標題直接指向該案件
hsinchu-stadium	新竹棒球場案	high	2	1	2025-07-23	udn	新竹棒球場同廠商...承攬國中拆除工程 廢料埋入華德福校園	新竹市政府就新竹棒球場案指控巨佳營造大量回填拆除廢棄物，延伸調查時發現，同一施工廠商巨佳營造所承攬的華德福實驗學校新建工程時，草皮下方也有非	118468	https://udn.com/news/story/7324/8891457	提議：標題直接指向該案件
hsinchu-stadium	新竹棒球場案	high	2	1	2025-07-22	udn	新竹棒球場案成罷免攻防焦點 新竹地檢澄清：依法辦理絕不護短	大罷免投票進入倒數，新竹棒球場案再度成為攻防焦點。民眾黨主席黃國昌上周親赴現場勘查，趙少康周日站台也點名此案，公開質疑：「辦了誰？」針對外界	164453	https://udn.com/news/story/124323/8888469	提議：標題直接指向該案件
hsinchu-stadium	新竹棒球場案	high	1	1	2026-08-29	ltn	新竹棒球場案》高虹安市府稱挖出大祕寶 不起訴書揭竟是「這1物」	新竹棒球場統包案經新竹地檢署4年偵查，近期偵查終結，包括前市長林智堅等公務員都獲不起訴，市議員楊玲宜也取得林智堅共23頁的不起訴書內容，她提	143	https://news.ltn.com.tw/news/politics/breakingnews/5556718	提議：標題直接指向該案件
hsinchu-stadium	新竹棒球場案	high	1	1	2026-08-28	cna-society	新竹棒球場案林智堅不起訴　營造、監造4人緩起訴	圖為新竹棒球場外觀。（中央社檔案照片）（中央社記者郭宣彣新竹市28日電）台灣新竹地方檢察署今天說，新竹市立棒球場工程案，查出營造、監造公司4	74	https://www.cna.com.tw/news/asoc/202608280335.aspx	提議：標題直接指向該案件
hsinchu-stadium	新竹棒球場案	high	1	1	2026-07-17	chinatimes	監察院糾正新竹棒球場案 竹市府：缺失均在前市府任內	監察院17日公布新竹市立棒球場調查報告並糾正新竹市政府，新竹市政府回應，尊重監察院調查結果，並強調監察院所認定的未完成驗收即先行使用、工程未	223957	https://www.chinatimes.com/realtimenews/20260717003074-260405	提議：標題直接指向該案件
hsinchu-stadium	新竹棒球場案	high	1	1	2025-07-24	udn	藍營揭新竹棒球場廠商連倒2周廢棄物至校園 市府憂脫產滅證	承攬新竹棒球場工程的巨佳營造，遭指控在承包華德福學校與育賢國中拆除工程中，將拆除廢棄物回填至華德福校園。新竹市議會國民黨團今召開記者會指出，	118477	https://udn.com/news/story/7324/8893490	提議：標題直接指向該案件
hsinchu-stadium	新竹棒球場案	high	0	1	2026-08-29	udn	新竹棒球場案林智堅不起訴 柯文哲搖頭嘆氣：老百姓都看在眼裡	新竹地檢署偵辦 新竹市立棒球場 工程案，新竹市前市長 林智堅 獲不起訴處分，民眾黨創黨主席 柯文哲 表示，台灣司法會失去社會信任度就是這樣，	420	https://udn.com/news/story/6656/9721891	提議：標題直接指向該案件
hsinchu-stadium	新竹棒球場案	high	0	1	2026-08-29	ettoday	新竹棒球場「林智堅不起訴」　高虹安：不代表工程是合格的	記者黃資真／新竹報導 新竹市立棒球場新建統包工程案28日偵查終結，前新竹市長林智堅涉嫌偽造文書與圖利罪部分，皆獲得不起訴。今(29日)高虹安	90	https://www.ettoday.net/news/20260829/3227936.htm	提議：標題直接指向該案件
hsinchu-stadium	新竹棒球場案	high	0	1	2026-07-17	udn	指新竹棒球場驗收不嚴謹、督導廠商不周 監院四年後糾正竹市府	監察委員陳景峻、郭文東、張菊芳今天表示，新竹市政府辦理市立棒球場統包工程未驗收即先使用；統包商負責設計與施工成果未能達到契約規定之效能標準，	143570	https://udn.com/news/story/6656/9633987	提議：標題直接指向該案件
hsinchu-stadium	新竹棒球場案	high	0	1	2026-07-07	chinatimes	新竹棒球場最新進度！透水瀝青鋪好了 內野人工草皮進場	新竹市立棒球場改善工程持續進展，截至7日，棒球場已全面完成透水瀝青鋪設，並順利通過各項關鍵查驗，隨著底層基礎確認完善，工程邁入全新階段，目前	235402	https://www.chinatimes.com/realtimenews/20260707002265-260405	提議：標題直接指向該案件
hsinchu-stadium	新竹棒球場案	high	0	1	2025-12-17	udn	獨／復職首要任務「專注市政」 高虹安：力拚新竹棒球場明年安全啟用	新竹市長高虹安被控詐領立委助理費案二審逆轉改判，貪汙罪部分無罪，希望能盡快復職。她接受本報專訪表示，復職後首要任務仍是專注市政，逐步兌現施政	118945	https://udn.com/news/story/124151/9209211	提議：標題直接指向該案件
hsinchu-stadium	新竹棒球場案	medium	7	1	2025-07-24	udn	承包竹市府逾20億工程 新聯線黨團要求徹查巨佳全部工程	承攬新竹棒球場工程的巨佳營造，遭指控在承包華德福學校與育賢國中拆除工程中，將拆除廢棄物回填至華德福校園。新竹市議會新聯線黨團也質疑，2019	118473	https://udn.com/news/story/7324/8893948	人工判讀
hsinchu-stadium	新竹棒球場案	medium	4	1	2026-03-24	udn	指竹市府嚇跑球隊？藍白議員：龍來2022年前市府時期就想撤棒球場	新竹棒球場因場地缺失封場改善近4年，不過，新竹市府已與龍來公司合意解約。近期外界出現宣稱高虹安市府「嚇跑職棒球隊」並需負擔賠償的說詞；對此，	119165	https://udn.com/news/story/7324/9399077	人工判讀
hsinchu-stadium	新竹棒球場案	medium	3	1	2026-03-24	udn	「嚇跑味全龍還要賠錢？」 高虹安還原新竹棒球場解約時序反擊	新竹棒球場自2022年停擺至今，新竹市政府日前與龍來公司合意解約，網傳「前市府好不容易催生棒球團經營，新竹市長高虹安任內把職棒球隊嚇跑，還要	205685	https://udn.com/news/story/7324/9399014	人工判讀
hsinchu-stadium	新竹棒球場案	medium	2	1	2026-08-29	chinatimes	林智堅不起訴竟要高虹安道歉？ 王鴻薇：民進黨鬼月鬼話連篇	新竹市立棒球場因球員受傷及工程品質引發爭議，新竹地檢署因罪證不足，對前任市長林智堅不起訴處分。林智堅前機要秘書、現任新竹市議員楊玲宜直言，高	446	https://www.chinatimes.com/realtimenews/20260829002906-260407	人工判讀
hsinchu-stadium	新竹棒球場案	low	2	0	2025-07-28	udn	星期評論／濫倒廢棄物頻傳 公共工程監管失靈	從新竹棒球場到華德福校園被揭露掩埋營建廢棄物，已非單一工地弊病，更凸顯出公共工程監管體系的失靈。此問題非竹市獨有，距離華德福校園僅數公里的寶	164486	https://udn.com/news/story/7324/8900141	提議：僅順帶提及
hsinchu-stadium	新竹棒球場案	low	1	0	2026-08-29	ettoday	改善硬體、交通　蘇巧慧提「商圈補助」3倍：一年600萬提升到1800萬	記者杜冠霖／台北報導 民進黨新北市長參選人蘇巧慧今（29）日上午接連前往五股、林口、淡水、八里等區，週末行程滿檔。蘇巧慧與新北市議員鄭宇恩、	88	https://www.ettoday.net/news/20260829/3227947.htm	提議：僅順帶提及
hsinchu-stadium	新竹棒球場案	low	1	0	2026-08-29	ettoday	「前幕僚」稱陳幸妤可能從政救父　阿扁罕見動怒嗆閉嘴：胡說八道	記者杜冠霖／台北報導 前總統陳水扁的女兒陳幸妤近日與前夫趙建銘婚變，受到外界關注，陳幸妤人氣也扶搖直上；國民黨立委謝龍介、媒體人吳子嘉都認為	89	https://www.ettoday.net/news/20260829/3227945.htm	提議：僅順帶提及
hsinchu-stadium	新竹棒球場案	low	1	0	2026-08-29	ettoday	觀察／創黨主席家屬也排合照！沈伯洋拜票人氣旺　突破同溫層成課題	記者杜冠霖／台北報導 民進黨台北市長參選人沈伯洋今（29日）至東湖掃街，記者實際觀察，表定九點的行程，約八點就有熱情支持者在現場守候、逐漸形	92	https://www.ettoday.net/news/20260829/3227811.htm	提議：僅順帶提及
hsinchu-stadium	新竹棒球場案	low	1	0	2026-08-29	ettoday	鞭刑公投未成案！在野砲轟中選會獨裁　但藍白推薦委員也投反對	記者杜冠霖／台北報導 中選會昨開會審議公投案，鞭刑入法、交通罰鍰專款專用2案未通過；廢除非核家園通過，為第22案公民投票案。藍白陣營砲轟中選	95	https://www.ettoday.net/news/20260829/3227888.htm	提議：僅順帶提及
hsinchu-stadium	新竹棒球場案	low	1	0	2026-08-29	ettoday	市長選戰震撼彈！領表次日　藍營「女王蜂」退黨擬參選拚三腳督	記者杜冠霖／台北報導 上屆代表藍營角逐彰化市長、被地方稱為「女王蜂」的前議員黃玉芬，昨縣市長開放領表次日，已領表正式退出中國國民黨，積極評估	105	https://www.ettoday.net/news/20260829/3227743.htm	提議：僅順帶提及
hsinchu-stadium	新竹棒球場案	low	1	0	2026-08-29	ettoday	蔣萬安被問吸菸區反嗆去監督高雄　沈伯洋：蔣可能想選高雄議員	記者杜冠霖／台北報導 台北市長蔣萬安昨在市議會備詢，面對北市議員洪婉臻質疑吸菸區裝了又拆、浪費公帑，蔣萬安態度強硬「問A答B」，要求議員同樣	107	https://www.ettoday.net/news/20260829/3227745.htm	提議：僅順帶提及
hsinchu-stadium	新竹棒球場案	low	1	0	2026-08-29	ettoday	女童被性猥褻拖240天未安置　沈伯洋點問題：北市府推給社工弱弱相殘	記者杜冠霖／台北報導 北市一名女童因母親從事援交，導致其被男客性猥褻，市府過了240天未將女童安置，近期更發生自傷的行為。北市社會局則反嗆，	109	https://www.ettoday.net/news/20260829/3227785.htm	提議：僅順帶提及
hsinchu-stadium	新竹棒球場案	low	1	0	2026-08-29	ettoday	庇護工場衝擊！蔣萬安認刪凍預算能更智慧　沈伯洋：別跟著翁曉玲投	記者杜冠霖／台北報導 藍委翁曉玲將3000萬元國務機要費預算全數刪凍，導致庇護工場月餅訂單遭取消，台北市長蔣萬安坦言，應該有更有智慧作法。北	112	https://www.ettoday.net/news/20260829/3227756.htm	提議：僅順帶提及
hsinchu-stadium	新竹棒球場案	low	1	0	2026-08-29	ettoday	沈伯洋掏10萬挺庇護工場　店家曝貼心提醒「中秋節過後再慢慢出貨」	記者杜冠霖／台北報導 藍委翁曉玲將3000萬元國務機要費預算全數刪凍，導致庇護工場月餅訂單遭取消，國民黨台北市議員秦慧珠坦言，政治代價恐由年	114	https://www.ettoday.net/news/20260829/3227744.htm	提議：僅順帶提及
core-pacific	京華城容積案	high	11	1	2026-05-08	udn	案外案！沈慶京為償賭債 京華城土地套利32億、起訴求刑26年	台北地檢署偵辦京華城容積率案，查出威京集團主席沈慶京因積欠澳門賭場鉅額賭債，以及威京集團整體債務，金額高達181.8億餘元，沈慶京為求解套，	50866	https://udn.com/news/story/7321/9489752	提議：標題直接指向該案件
core-pacific	京華城容積案	high	9	1	2026-04-09	udn	中石化賣京華城土地放棄20%容獎？議員曝藏未爆彈 籲蔣萬安快處理	中石化昨宣布，董事會已通過京華廣場土地資產處分策略案，宣告將賣京華城土地，並以容積率728%為基礎，不使用20%違法容獎。不過議員憂心，京華	94332	https://udn.com/news/story/7323/9431787	提議：標題直接指向該案件
core-pacific	京華城容積案	high	7	1	2026-07-02	chinatimes	京華城案屢遭「偵查大公開」影響公信力 司改會：法務部及北檢說明	台北地檢署偵辦前民眾黨主席柯文哲涉京華城案，因鏡週刊一再報導「小沈1500」等偵查內容，被質疑違反偵查不公開，民間司法改革基金會今（2）日舉	234143	https://www.chinatimes.com/realtimenews/20260702002740-260402	提議：標題直接指向該案件
core-pacific	京華城容積案	high	6	1	2026-05-23	chinatimes	中石化PASS京華城售地 北市收回容獎	中石化22日舉行股東會，正式通過子公司鼎越開發手上的京華廣場土地出售計畫，未來在與相關單位溝通並獲核准下，以728％容積率對外求售。中石化表	224202	https://www.chinatimes.com/newspapers/20260523000410-260110	提議：標題直接指向該案件
core-pacific	京華城容積案	high	6	1	2026-05-22	udn	北市府今撤銷京華城20%容獎 想繼續施工有2條件	台北市長蔣萬安上午在市議會專案報告答詢，針對市議員許淑華質詢京華城20%容積獎勵何時撤銷？蔣萬安表示，調查小組已經做成撤銷決議，今天就會發文	94476	https://udn.com/news/story/7320/9520049	提議：標題直接指向該案件
core-pacific	京華城容積案	high	6	1	2026-04-21	udn	京華城案當「沈痛」教科書 北市政風處將提公務員檢舉精進SOP	民眾黨前主席柯文哲涉京華城等案，日前已一審宣判，北市政風處今天赴議會民政委員會工作報告，藍綠議員質詢京華城案後續，認為京華城案為「沈痛」案例	90327	https://udn.com/news/story/7323/9454817	提議：標題直接指向該案件
core-pacific	京華城容積案	high	5	1	2026-05-22	udn	京華城20%容獎正式撤銷 北市府：回歸560%基準容積、無獎勵	京華城20％爭議容積獎勵撤銷與否受矚，台北市長蔣萬安今上午在議會專案報告答詢，指調查小組已做成撤銷決議。北市都發局晚間8時許宣布，今日公告撤	79175	https://udn.com/news/story/7241/9520142	提議：標題直接指向該案件
core-pacific	京華城容積案	high	5	1	2026-03-31	udn	京華城案庭審畫面公開 柯文哲：至少讓外界有機會知道真相	民眾黨前主席柯文哲今陪黨籍嘉市長參選人張啓楷掃街拜票，中午在劉里長雞肉飯的店門口受訪，針對京華城案庭審畫面公開，他認為因黨媒體上弱勢，至少讓	72400	https://udn.com/news/story/124199/9414348	提議：標題直接指向該案件
core-pacific	京華城容積案	high	5	1	2026-03-31	udn	京華城等案言詞辯論及宣判影音公開 陳智菡控司法院掐頭去尾、東扣西扣	台北地方法院上周宣判京華城、民眾黨政治獻金等案，民眾黨前主席柯文哲聲請言詞辯論及裁判宣示影音今天公開播送。民眾黨立法院黨團主任陳智菡表示，司	90071	https://udn.com/news/story/124199/9414546	提議：標題直接指向該案件
core-pacific	京華城容積案	high	4	1	2026-05-15	chinatimes	下載京華城案法官照合成恐嚇「以命償命」 新竹女遭起訴	新竹黃姓女子從網路下載京華城案台北地方法院法官照片，加以合成後，去年7月間，在特定粉絲專頁文章PO上照片後，又留言：「司法界為升官發財害人喪	232327	https://www.chinatimes.com/realtimenews/20260515001703-260402	提議：標題直接指向該案件
core-pacific	京華城容積案	high	4	1	2026-04-11	udn	京華城案 北院暗批柯文哲 干擾獨立審判	民眾黨前主席柯文哲。（本報系資料照片）  民眾黨前主席柯文哲被控在京華城容積率收賄、侵占政治獻金等案，一審依違背職務收賄、侵占政治獻金、ＫＰ	14120	https://udn.com/news/story/7315/9434905	提議：標題直接指向該案件
core-pacific	京華城容積案	high	4	1	2026-04-10	udn	京華城若賣地 民代憂心恐再掀爭議 要求北市府及早因應	中石化公司擬賣京華城土地，藍綠議員昨質詢時，都憂心中石化未來轉手新地主後，恐再衍生爭議，市府指出，收到一審判決書後，會啟動調查小組的程序，若	79042	https://udn.com/news/story/7323/9432517	提議：標題直接指向該案件
core-pacific	京華城容積案	high	4	1	2026-04-02	udn	判刑後現身新竹柯文哲未多談京華城案、李貞秀爭議 簡單回應柯媽近況	民眾黨創黨主席柯文哲因「京華城案」3月26日被被台北地方法院依貪汙罪一審判決有期徒刑17年、褫奪公權6年，原本各界預期柯文哲在3月29日到凱	119192	https://udn.com/news/story/124199/9419052	提議：標題直接指向該案件
core-pacific	京華城容積案	high	3	1	2026-05-25	udn	柯文哲京華城案送二審！法院8人推「三大車」 護送350宗卷抵高院	民眾黨前主席柯文哲京華城容積率收賄、圖利等案一審判刑17年，柯等7名被告不認罪提起上訴，檢方對9人量刑等上訴。檢辯上訴卷到齊，台北地方法院今	83121	https://udn.com/news/story/7315/9523526	提議：標題直接指向該案件
core-pacific	京華城容積案	high	3	1	2026-05-25	udn	柯文哲京華城案二審合議庭曝光！呂寧莉為受命法官 邱滋杉是審判長	民眾黨前主席柯文哲京華城容積率收賄、圖利等案一審判刑17年，柯等7名被告不認罪提起上訴，檢方對9人量刑等上訴。檢辯上訴卷到齊，台北地方法院今	83120	https://udn.com/news/story/7315/9524599	提議：標題直接指向該案件
core-pacific	京華城容積案	high	3	1	2026-05-22	udn	京華城20%違法容獎何時撤？ 蔣萬安鬆口時間點	台北市長蔣萬安今赴議會專案報告，議員許淑華針對京華城案20％違法容積質詢，她說，法院一審宣判有罪，以及都發局小組五月初已召開會議，但調閱會議	160788	https://udn.com/news/story/7323/9518902	提議：標題直接指向該案件
core-pacific	京華城容積案	high	3	1	2026-04-04	udn	沈政男批檢察官「讀心術」亂猜 京華城案「默示合意」缺乏證據	京華城案一審公開審理畫面公開播送，引起社會熱烈討論。醫師沈政男認為，從審理畫面可看到檢方以「默示合意」認定收賄證據薄弱，並批評司法體系不僅誤	101059	https://udn.com/news/story/6656/9422350	提議：標題直接指向該案件
core-pacific	京華城容積案	high	3	1	2026-03-31	udn	京華城案辯論宣判16段影片上網 柯文哲這段最多人看流量破萬	台北地院審理民眾黨前主席柯文哲涉貪案，本月26日依貪汙違背職務收賄罪判柯應執行有期徒刑17年、褫奪公權6年，柯案言詞辯論、宣判影片今上午10	117261	https://udn.com/news/story/124199/9413946	提議：標題直接指向該案件
core-pacific	京華城容積案	high	2	1	2026-04-16	udn	京華城案宣判後彰化增500黨員 柯文哲、黃國昌今起連三天輔選	民眾黨彰化縣黨部持續布局年底大選，議員提名已完成彰化、和美、員林、二林及山地原住民選區，鄉鎮市民代表預計也將提名10多人，提名狀況踴躍。民眾	86331	https://udn.com/news/story/124652/9445448	提議：標題直接指向該案件
core-pacific	京華城容積案	high	2	1	2026-04-10	udn	京華城案判決書曝光 直接取消鼎越不法容獎？蔣萬安這樣說	台北市長蔣萬安今赴議會施政報告，民進黨市議員許淑華針對京華城判決書出爐，當中提到鼎越不法容獎，詢問蔣萬安是否要直接取消？蔣萬安表示，依程序法	160694	https://udn.com/news/story/6656/9433851	提議：標題直接指向該案件
core-pacific	京華城容積案	high	2	1	2026-04-09	udn	中石化擬賣京華城土地 蔣萬安：若判決指20%容獎違法會依法處理	台北市長蔣萬安下午赴台北市議會進行施政報告，針對中石化旗下子公司鼎越開發涉京華城弊案，中石化昨發布重訊，因京華廣場開發案建設與銷售時程延宕，	132036	https://udn.com/news/story/7323/9431908	提議：標題直接指向該案件
core-pacific	京華城容積案	high	1	1	2026-05-15	udn	涉散布京華城案法官個資 新竹女發文嗆「以命償命」遭起訴	新竹地檢署偵辦黃姓女子涉嫌在網路發布恐嚇言論並非法利用法官個資案，以臉書匿名帳號在特定粉絲專頁文章下方留言「司法界為升官發財害人喪命者都必以	165454	https://udn.com/news/story/7321/9504264	提議：標題直接指向該案件
core-pacific	京華城容積案	medium	19	1	2026-04-10	udn	沈慶京捐210萬是賄賂！法院判決大公開 柯文哲做這10件事成關鍵	民眾黨前主席柯文哲涉京華城容積率收賄、圖利、公益侵占、背信案，一審上月26日依違背職務收賄、公益侵占、背信罪判決柯17年徒刑，褫奪公權6年；	82996	https://udn.com/news/story/7315/9433960	人工判讀
core-pacific	京華城容積案	medium	9	1	2026-04-30	udn	柯文哲涉貪案 北檢針對9人上訴 理由曝光	民眾黨前主席柯文哲被控在京華城容積率收賄、侵占政治獻金等案，一審判刑有期徒刑17年，褫奪公權6年。台北地檢署今指出，柯文哲收賄及沈慶京行賄的	146126	https://udn.com/news/story/7315/9474272	人工判讀
core-pacific	京華城容積案	medium	9	1	2026-04-01	udn	法庭公播名場面…檢察官廖彥鈞論告柯文哲涉貪汙 3分鐘心聲圈粉無數	民眾黨前主席柯文哲涉京華城等案一審判刑17年，台北地方法院昨「法庭公播」，公訴檢察官團隊中檢察官廖彥鈞論告柯文哲、沈慶京涉貪汙圖利罪，論告尾	146079	https://udn.com/news/story/124199/9416509	人工判讀
core-pacific	京華城容積案	medium	7	1	2026-04-02	udn	沈慶京以中工名義捐款6百萬行賄應曉薇 堡新投資告發特別背信罪	京華城案日前一審宣判，威京集團主席沈慶京因爭取京華城案容積率，涉行賄台北市議員應曉薇5250萬元，其中6百萬是以上市公司中華工程（2515）	146085	https://udn.com/news/story/124199/9419072	人工判讀
core-pacific	京華城容積案	medium	7	1	2026-03-29	udn	柯文哲重判！趙少康下午上凱道聲援 怒嗆政治介入：為台灣法治討公道	民眾黨創黨主席柯文哲因京華城案、政治獻金、背信等罪，一審遭判17年，民眾黨痛批判決不公，今下午將上凱道、討公道，逾20位藍委將到場力挺，中廣	103699	https://udn.com/news/story/124199/9409690	人工判讀
core-pacific	京華城容積案	medium	6	1	2026-04-07	udn	不被當人看！陳佩琪控檢廉搜索蠻橫 北檢澄清：查扣72本存摺均移送法院	民眾前主席柯文哲遭重判後，柯妻陳佩琪接受本報專訪時還原2024年8月30日檢廉搜索住家過程，指控執法人員態度蠻橫，根本不把她當人看，且稍微有	146086	https://udn.com/news/story/124199/9427552	人工判讀
core-pacific	京華城容積案	medium	6	1	2026-04-06	udn	【即時短評】柯文哲案公播影片只占全案4% 剪輯過的影片能呈現全貌？	民眾黨前主席柯文哲涉京華城案言詞辯論、宣判影音大公開，是法院組織法修正通過後的首例，如此高度政治敏感案件，自然吸引目光，也讓瀏覽量飆升，眾人	82975	https://udn.com/news/story/11091/9424834	人工判讀
core-pacific	京華城容積案	medium	6	1	2026-04-06	udn	柯文哲案開庭第一手觀察！他坐直緊盯電腦筆錄 頻點名檢察官「互槓對話曝」	民眾黨前主席柯文哲因京華城案重判引發多方關注，這場審判前後歷455天，記者長期在法庭內實際觀察，即使羈押期間，柯文哲出庭時多數坐著直挺挺、緊	117273	https://udn.com/news/story/124199/9424817	人工判讀
taipei-dome	大巨蛋案	high	11	0	2026-07-22	chinatimes	新北大巨蛋確定落腳樹林 蘇巧慧酸：台北大巨蛋到現在還會漏水	國民黨新北市議會黨團批評民進黨新北市長參選人蘇巧慧面對毒油風暴「神隱21天」，蘇巧慧今（22）日上午到板橋龍興市場掃街前受訪表示，她幾乎每天	224128	https://www.chinatimes.com/realtimenews/20260722001671-260407	提議：標題含關鍵字但屬場館日常新聞，非案件
taipei-dome	大巨蛋案	high	8	0	2026-07-17	chinatimes	一票去大巨蛋「回家喉嚨痛、發燒」 中鏢2病毒哀：毒窟	不少民眾近期到大巨蛋看演唱會後，出現喉嚨痛、發燒、全身痠痛等症狀，就醫篩檢後表示感染A型流感或新冠肺炎，崩潰哀號喊「大巨蛋是毒窟」，貼文掀起	221470	https://www.chinatimes.com/realtimenews/20260717001119-260405	提議：標題含關鍵字但屬場館日常新聞，非案件
taipei-dome	大巨蛋案	high	8	0	2026-03-06	udn	大巨蛋場勘生貪念？賴總統看台日棒球交流賽 維安人員涉偷「峮峮簽名球」	中信兄弟啦啦隊Passion Sisters成員峮峮。圖／聯合報系資料照  台北大巨蛋今年2月25日至28日舉行「台日棒球國際交流賽」，賴清	42841	https://udn.com/news/story/7315/9364455	提議：標題含關鍵字但屬場館日常新聞，非案件
taipei-dome	大巨蛋案	high	4	0	2025-09-28	udn	詐騙猖獗影響國安 大巨蛋台鋼VS統一 調查局長開球反詐	近年詐騙猖獗，嚴重影響全民財產安全及社會安定，為加強全民防詐意識及展現打擊詐騙決心，調查局長陳白立昨天特別走入職棒球場，傳達「全民防詐、守護	50464	https://udn.com/news/story/124490/9034528	提議：標題含關鍵字但屬場館日常新聞，非案件
taipei-dome	大巨蛋案	high	3	0	2025-09-28	udn	群益證攜手台鋼雄鷹大巨蛋品牌日 特邀調查局共同推廣反詐	群益金融集團品牌日於9月27日台鋼雄鷹對統一獅的比賽中盛大登場！這次活動開球儀式由群益金鼎證券董事長周秀真親自出席，調查局局長陳白立、群益代	45439	https://udn.com/news/story/7239/9035082	提議：標題含關鍵字但屬場館日常新聞，非案件
taipei-dome	大巨蛋案	high	2	1	2025-11-01	udn	影／GD周末首登大巨蛋 黃牛遭逮聲押獲准...今晨上囚車畫面曝	韓國天王 G-DRAGON（權志龍）本周末首登台北大巨蛋開唱，台北地檢署查出，曾涉周杰倫黃牛票的劉旻岳、張依萍夫妻檔，竟於7月GD來台開唱前	50492	https://udn.com/news/story/7321/9110597	提議：標題直接指向該案件
taipei-dome	大巨蛋案	medium	10	0	2026-05-29	chinatimes	逾1.5萬人連署 爭取新北大巨蛋落腳樹林 侯友宜回應了	新北大巨蛋預計年中確認最後選址地點，洪佳君、呂家愷及江怡臻等5位土樹三鶯議員29日攜帶逾1.5萬份民眾連署書，正式向新北市長侯友宜表達「大巨	235963	https://www.chinatimes.com/realtimenews/20260529003408-260405	人工判讀
taipei-dome	大巨蛋案	medium	7	0	2026-07-21	chinatimes	新北大巨蛋定案樹林？侯友宜笑指區長光頭：長得像不像大巨蛋	新北市長侯友宜今（21）日赴新北市樹林區參與行動治理基層建設督導及座談，語帶玄機表示區長洪崇璉「光頭長得像不像大巨蛋」，而洪崇璉更是將大巨蛋	220525	https://www.chinatimes.com/realtimenews/20260721004226-260405	人工判讀
taipei-dome	大巨蛋案	medium	6	0	2026-07-22	chinatimes	大巨蛋落腳樹林淡水落空 議員喊話市府：完整評估報告攤在陽光下	新北大巨蛋確定落腳樹林機五，淡水未能出線。國民黨新北市議員陳偉杰22日表示，尊重專業評選，但淡水鄉親需要公平、清楚的交代，要求市府公開完整評	214756	https://www.chinatimes.com/realtimenews/20260722001871-260407	人工判讀
taipei-dome	大巨蛋案	medium	4	0	2026-04-30	udn	隨總統看球…偷「啦啦隊女神」峮峮簽名棒球 國安特勤、憲兵3人竊盜罪起訴	國安局特勤中心前中校編審林宗翰、特勤中心前少校組員涂志名，及支援特勤中心的憲兵江旻峰，今年2月隨賴清德總統到台北大巨蛋看棒球，涉嫌由江旻峰偷	146128	https://udn.com/news/story/7321/9473418	人工判讀
taipei-dome	大巨蛋案	medium	3	0	2026-05-25	chinatimes	警察節將屆！味全龍連3年相挺波麗士大人 邀攜家帶眷到大巨蛋看球	警察節將屆，中華職棒大聯盟味全龍隊為感謝所有警察的辛勞與付出，都會在警察節前後邀請警察及眷屬到球場看球，今年已邁入第3年，希望警察能暫時放下	220067	https://www.chinatimes.com/realtimenews/20260525000067-260402	人工判讀
taipei-dome	大巨蛋案	medium	3	0	2026-03-07	udn	賴總統看台日棒球交流賽 維安人員竟溜進休息室偷簽名球？國安局發聲	賴清德總統上個月前往台北大巨蛋觀看台日棒球交流賽前，發生維安人員涉嫌偷竊簽名球的案件。負責元首維安的國安局晚間說明，江姓涉案人為憲兵警衛大隊	70131	https://udn.com/news/story/7315/9364583	人工判讀
taipei-dome	大巨蛋案	medium	3	0	2025-12-27	udn	「4年時間讓新北the Best」 黃國昌盼給機會：讓市民感到驕傲	台灣民眾黨主席黃國昌今出席「為新北應援」活動，黃國昌致詞時表示，很多朋友問他想選新北市長，要帶給新北什麼夢想，過去新北市民給了國民黨16年的	98402	https://udn.com/news/story/124652/9229508	人工判讀
taipei-dome	大巨蛋案	medium	2	0	2025-12-31	udn	除了三中案再獲無罪外 馬英九捲入「這些弊案」也都全身而退	前總統馬英九被控任國民黨主席期間賤賣三中和舊中央黨部大樓，造成國民黨損害72.9億元，台北地檢署依違反證交法等罪嫌起訴馬等人，一、二審均判決	82786	https://udn.com/news/story/12346/9236326	人工判讀
taipei-dome	大巨蛋案	medium	1	0	2026-06-16	chinatimes	台北大巨蛋3倍大！桃機三航爆亮點：14萬朵雲頂天花板會變色	桃園機場今年旅運量將破5000萬人次，斥資逾1283億打造第三航廈，主航廈將於民國116年底完工，工程進度近9成，未來民眾自三航出境，可使用	228397	https://www.chinatimes.com/realtimenews/20260616003010-260405	人工判讀
taipei-dome	大巨蛋案	medium	1	0	2025-08-23	udn	調查局大巨蛋開箱國安宣導影片 局長陳白立親自入鏡	調查局昨晚在台北大巨蛋棒球場，在中信兄弟棒球隊與台鋼雄鷹棒球隊對戰首日，向4萬名觀賽民眾開箱114年度國安宣導影片，副局長吳富梅表示，近年境	50378	https://udn.com/news/story/7323/8957796	人工判讀
taipei-dome	大巨蛋案	low	5	0	2026-06-24	chinatimes	中職》羅志祥、RAIN、泰民台韓舞王接力 跳翻桃猿辣年糕趴	中華職棒上季總冠軍樂天桃猿在2026賽季的年度指標活動「辣年糕趴」，今年移師台北大巨蛋，7月24日到26日展開為期 3天的盛典，球團特別邀請	235135	https://www.chinatimes.com/realtimenews/20260624002610-260403	提議：僅順帶提及
taipei-dome	大巨蛋案	low	4	0	2026-06-11	udn	中職／統一獅公布下半季主題日 超人力霸王、陳鏞基引退系列活動登場	2026世足賽  ▪日本瑞典和局 攜手晉級32強！每日賽程比分看這裡 ▪小組賽第三輪開踢 最新32強淘汰賽晉級狀況看這裡 ▪AI目前準度近6	139136	https://udn.com/news/story/7001/9559806	提議：僅順帶提及
taipei-dome	大巨蛋案	low	3	0	2026-07-22	chinatimes	中職》ABS二軍首次測試 葉君璋點出最大隱憂	新北大巨蛋22日最終落腳樹林機五，預計打造可容納5萬席次的國際級大型多功能場館，味全龍總教練葉君璋認為選在北部確實很適合，對於球員而言是好事	213996	https://www.chinatimes.com/realtimenews/20260722004007-260403	提議：僅順帶提及
taipei-dome	大巨蛋案	low	3	0	2026-07-20	chinatimes	中職明星賽場外衝突！港男抽皮帶「鞭打兄弟女球迷」 火爆場面曝	蕭宥彤翻攝 訂閱影音： 中時新聞網  中職明星賽昨（19）日晚間在台北大巨蛋熱鬧開打，未料場內卻上演全武行！一名30歲郭姓女子與42歲香港籍	229024	https://www.chinatimes.com/realtimenews/20260720001665-260402	提議：僅順帶提及
taipei-dome	大巨蛋案	low	3	0	2026-07-20	udn	影／中職明星賽場外全武行！港男抽打台女 球迷戲稱「值回票價」	在台工作居留的香港籍丁姓男子與台籍友人郭姓女子昨前往大巨蛋觀看中華職棒明星對抗賽，因購買周邊商品擺放位置起口角，在球場外爆發肢體衝突，雙方不	70982	https://udn.com/news/story/7320/9638936	提議：僅順帶提及
taipei-dome	大巨蛋案	low	3	0	2026-06-11	chinatimes	中職》陳鏞基4場引退賽從台東出發 獅下半季主題日公布	統一獅2026年下半季主題日。（統一獅提供）  2026年中華職棒下半季將在7月熱血開戰，統一7-ELEVEN獅正式公布下半季主題日規劃，將	213800	https://www.chinatimes.com/realtimenews/20260611002142-260403	提議：僅順帶提及
taipei-dome	大巨蛋案	low	3	0	2026-06-06	udn	中職／42歲盜壘成功被胡金龍虧「沒拔壘包」 陳鏞基還要挑戰場內轟？	2026世足賽  ▪日本瑞典和局 攜手晉級32強！每日賽程比分看這裡 ▪小組賽第三輪開踢 最新32強淘汰賽晉級狀況看這裡 ▪AI目前準度近6	139110	https://udn.com/news/story/7001/9549964	提議：僅順帶提及
taipei-dome	大巨蛋案	low	3	0	2025-10-30	udn	不畏房市寒冬 北市百億指標案「杜拜藝術館」開賣	科達建築大巨蛋百億危老指標新案「杜拜藝術館」30日宣布開賣，於阿樹國際旅店舉辦「全球百大名校CEO&超人氣女神團 VVIP名人賞記者會」，逾	109645	https://udn.com/news/story/123590/9107460	提議：僅順帶提及
taipei-dome	大巨蛋案	low	2	0	2026-07-23	chinatimes	綠媒爆李四川住宅裝潢500萬 蘇巧慧否認曾攻擊對手	網路媒體爆料國民黨新北市長參選人李四川住宅裝潢至少500萬元，李四川駁斥並表示，再造謠一定提告。民進黨新北市長參選人蘇巧慧今（23）日指出，	224135	https://www.chinatimes.com/realtimenews/20260723002112-260407	提議：僅順帶提及
taipei-dome	大巨蛋案	low	2	0	2026-07-20	chinatimes	籃球衝突升級！安親班內遭教唆掌摑3耳光 家長控師差別待遇	高雄市前鎮區一間安親班爆發學生衝突，一名11歲陳姓男童家長指控，兒子本月3日與另一名陳姓男童打籃球時起衝突，雙方因賠償協調未果，未料事隔近兩	220362	https://www.chinatimes.com/realtimenews/20260720002521-260405	提議：僅順帶提及
taipei-dome	大巨蛋案	low	2	0	2026-07-17	chinatimes	致癌油風波延燒 李四川點名蘇巧慧：應要求中央給新北市民一個交代	國民黨新北市長參選人李四川17日出席淡水區漁會漁民節活動，進場時與現場漁民、鄉親們握手致意。（吳嘉億攝） 國民黨新北市長參選人李四川（左三）	209541	https://www.chinatimes.com/realtimenews/20260717002189-260407	提議：僅順帶提及
taipei-dome	大巨蛋案	low	2	0	2026-07-13	chinatimes	住隔壁偷連咖啡廳Wi-F違法？律師揭答案：1情況恐觸法	不少咖啡廳提供免費無線網路Wi-Fi，有些店家甚至直接將密碼設為電話號碼，也讓不少人好奇，沒有消費卻連上店家Wi-Fi，到底違不違法？對此，	208113	https://www.chinatimes.com/realtimenews/20260713001798-260405	提議：僅順帶提及
taipei-dome	大巨蛋案	low	2	0	2026-07-10	chinatimes	中聯大豆油3度超標！食藥署：未查明前禁止復工	又增加一批問題油！食藥署今日晚間公布，昨日（9）傍晚又接獲南僑通報，使用中聯5月10日製造的大豆油，檢出苯駢芘2.9 μg/kg，超過限量標	216798	https://www.chinatimes.com/realtimenews/20260710003389-260405	提議：僅順帶提及
taipei-dome	大巨蛋案	low	2	0	2026-07-07	chinatimes	別白跑一趟！巴威颱風來襲 武陵、清境及福壽山農場預警性休園	強颱「巴威」週四起將為台灣帶來豪大雨，特別是山區應慎防雨災。為保障民眾安全，退輔會所屬的「武陵」、「清境」及「福壽山」三大農場將自本週四（9	208543	https://www.chinatimes.com/realtimenews/20260707004415-260405	提議：僅順帶提及
nanfangao	南方澳大橋斷橋	high	7	1	2026-04-30	udn	南方澳大橋斷裂事故釀6死 港務公司主管二審仍判無罪理由曝光	宜蘭縣南方澳大橋2019年斷裂坍塌造成6人死亡，檢方依過失致死罪嫌起訴台灣港務公司蘇澳港營運處工程科前經理方碩堂、黃維力，一審判決兩人無罪，	83052	https://udn.com/news/story/7321/9473923	提議：標題直接指向該案件
nanfangao	南方澳大橋斷橋	high	5	1	2026-04-30	udn	南方澳大橋斷裂釀6人身亡...二審港務公司經理再獲判無罪 4廠商仍有罪	宜蘭縣南方澳大橋2019年斷裂坍塌造成6人死亡，檢方依過失致死罪嫌起訴台灣港務公司蘇澳港營運處工程科前經理方碩堂、黃維力，一審判決兩人無罪，	83053	https://udn.com/news/story/7321/9473560	提議：標題直接指向該案件
nanfangao	南方澳大橋斷橋	medium	17	0	2025-11-05	udn	影／全台唯一「寶石珊瑚媽祖」遭洗劫 南方澳進安宮估損失近3000萬	宜蘭縣南方澳進安宮有全台唯一的「寶石珊瑚媽祖」，今傳出聖物遭竊，一名身穿黑衣的蒙面男子半夜潛入，把媽祖身上2顆120克拉頂級深桃紅珊瑚珠、鱉	78470	https://udn.com/news/story/7320/9118370	人工判讀
nanfangao	南方澳大橋斷橋	medium	14	0	2025-11-06	udn	抓到了！南方澳進安宮珊瑚媽遇劫 警方12小時破案	宜蘭縣南方澳進安宮昨天凌晨遭竊賊闖入，「開基媽祖」、「寶石珊瑚媽祖」兩尊神像身上多件總價超過2000萬元的聖物被偷走，廟方發現後緊急報案，蘇	78474	https://udn.com/news/story/7320/9120822	人工判讀
nanfangao	南方澳大橋斷橋	medium	14	0	2025-11-05	udn	預謀犯案？南方澳珊瑚媽祖千萬珠寶遭竊 1人把風、1人行竊後北逃	宜蘭南方澳進安宮今凌晨發生竊案，至少兩名男子犯案，一人把風、一人入內行竊，廟方盤點6項珠寶失竊，損失超過2000萬元。據悉，竊賊洗劫後，開租	78471	https://udn.com/news/story/7320/9119851	人工判讀
nanfangao	南方澳大橋斷橋	medium	8	0	2026-02-19	udn	南方澳池碧宮香油錢兩度遭竊 警火速破案信徒樂喊「元帥顯靈」	春節期間不少民眾到廟宇走春祈福，宜蘭南方澳池碧宮正德堂竟兩度遭宵小入侵偷走5000多元香油錢，信徒氣憤，祈求「元帥神尊」顯靈，警方獲報後成立	116377	https://udn.com/news/story/7321/9334632	人工判讀
nanfangao	南方澳大橋斷橋	medium	8	0	2025-11-06	udn	大膽竊賊闖入南方澳進安宮洗劫媽祖聖物 兩嫌各5萬元交保	宜蘭南方澳進安宮遭人闖入，從媽祖身上偷走價值2600萬元寶石、金飾，警方火速逮捕兩名陳姓嫌犯，追回全數聖物，警詢後移送宜蘭地檢署複訊，晚間諭	116117	https://udn.com/news/story/7320/9122759	人工判讀
nanfangao	南方澳大橋斷橋	medium	7	0	2025-11-06	udn	「神威無邊」南方澳進安宮竊賊落網2千萬聖物全追回 廟方發聲了	宜蘭縣南方澳進安宮昨天凌晨遭竊賊闖入偷走神像身上聖物，蘇澳警分局連夜逮捕兩人，將價值2000多萬元的珠寶全數追回，依加重竊盜罪嫌送辦。廟方今	116115	https://udn.com/news/story/7321/9121071	人工判讀
nanfangao	南方澳大橋斷橋	medium	6	0	2025-11-06	udn	南方澳進安宮遭竊2600萬聖物全追回 珊瑚珠碎裂啟動修復作業	宜蘭縣南方澳進安宮遭竊賊入侵洗劫媽祖身上的2600萬元珠寶、金飾等聖物，幸好12小時內全數追回，不過五鳳冠帽一顆珊瑚珠碎裂受損，廟方已啟動修	116116	https://udn.com/news/story/7320/9122324	人工判讀
nanfangao	南方澳大橋斷橋	medium	4	0	2025-12-02	udn	老婦深夜港邊步行疑似落海 宜蘭南方澳漁港今發現浮屍是婦人遺體	今天上午位於在宜蘭南方澳第二漁港碼頭出現遺體漂浮，海巡署南興安檢所獲報後立即前往處理，撈起遺體發現是名老婦。家屬表示，老婦行動不便，疑似昨晚	59230	https://udn.com/news/story/7320/9176463	人工判讀
nanfangao	南方澳大橋斷橋	medium	3	0	2025-07-25	udn	10船員海上失蹤「永裕興成幽靈船」 調查與此有關…宜檢已結案	桃園市前議員王浩宇在臉書分享照片，表示台灣漁船求救瓶中信遭愛爾蘭網友尋獲，揭開塵封4年半的往事，南方澳籍「永裕興18號」2021年初在中途島	115815	https://udn.com/news/story/124557/8895377	人工判讀
nanfangao	南方澳大橋斷橋	low	10	0	2025-11-06	udn	「我們都是媽祖小孩」警察出聲 竊賊淚眼認了洗劫「珊瑚媽祖」	宜蘭南方澳進安宮遭竊賊闖入，從兩尊媽祖身上盜走價值逾2000萬元珠寶聖物，警方12小時內火速逮人。據了解，嫌犯在南方澳長大，對進安宮環境很熟	116113	https://udn.com/news/story/7321/9121753	提議：僅順帶提及
nanfangao	南方澳大橋斷橋	low	3	0	2025-11-06	udn	涉竊寶石珊瑚媽2嫌落網 2000萬聖物1天全找回	宜蘭南方澳進安宮竊案偵破，二名竊賊落網，廟方提供主嫌陳男竊取媽祖身上聖物畫面。圖／南方澳進安宮提供  宜蘭縣南方澳進安宮前天凌晨遭竊，開基媽	78475	https://udn.com/news/story/7320/9123292	提議：僅順帶提及
nanfangao	南方澳大橋斷橋	low	2	0	2025-09-27	udn	蘭陽媽祖文化節陸巡遶境掀高潮 民眾排隊鑽轎腳隊伍長達5.5公里	蘭陽媽祖文化節今天進入第二天，陸巡來到宜蘭市及羅東鎮繁華市區，商家民眾在路邊恭迎媽祖聖駕，隊伍中除了來自全台十六座媽祖宮廟天后、北方澳軍港五	58992	https://udn.com/news/story/7328/9033743	提議：僅順帶提及
nanfangao	南方澳大橋斷橋	low	2	0	2025-07-26	udn	永裕興18號10人失蹤逾4年 疑求救瓶中信現蹤愛爾蘭	桃園市前議員王浩宇昨在臉書分享照片，指二○二○年失聯的宜蘭南方澳永裕興十八號漁船船員可能以瓶中信求救，該信漂流到愛爾蘭才被發現。海巡署官員表	42454	https://udn.com/news/story/124557/8897180	提議：僅順帶提及
nanfangao	南方澳大橋斷橋	low	1	0	2026-06-22	udn	影／酒駕男撞車找頂替！狂逃拒檢撞警車 蘇澳警拔槍、擊窗驚險逮人	宜蘭蘇澳發生驚險警匪對峙，一名遊覽車司機昨天下午疑似喝藥酒後，開車逆向撞擊鄰居車輛，隨後踩油門逃逸，其友人到場企圖頂替掩護。警方調閱監視器識	60024	https://udn.com/news/story/7320/9580958	提議：僅順帶提及
nanfangao	南方澳大橋斷橋	low	1	0	2026-06-06	udn	日菲畫界談判衝擊宜蘭漁權 吳宗憲要求漁業署硬起來提對策	日本與菲律賓近日宣布啟動專屬經濟區（EEZ）畫界談判，漁民憂心漁權受損。宜蘭南方澳是全台三大漁港之一，國民黨縣長參選人、立委吳宗憲近日召開協	116601	https://udn.com/news/story/6656/9549973	提議：僅順帶提及
nanfangao	南方澳大橋斷橋	low	1	0	2026-05-08	chinatimes	占1／3進口量！澳洲限縮天然氣出口 經濟部穩軍心急喊話	為確保民生與工業用電，澳洲公佈自2027年7月1日起實施「澳洲國內天然氣儲備計畫」，強制大型天然氣出口商保留20%產量供國內使用，如此恐衝擊	224162	https://www.chinatimes.com/realtimenews/20260508002132-260410	提議：僅順帶提及
nanfangao	南方澳大橋斷橋	low	1	0	2026-01-08	udn	監委要查F-16失事 漁民憂黑潮「大流水」 飛官恐漂離搜救區	空軍上尉飛官辛柏毅本月六日駕戰機夜航訓練時墜海，由於連日來海象惡劣，陸海空搜救邁入第三天仍未發現，各單位持續搜救中，而監察院未調查也被質疑不	114876	https://udn.com/news/story/10930/9253855	提議：僅順帶提及
nanfangao	南方澳大橋斷橋	low	1	0	2026-01-08	udn	黑潮正值「大流水」流速快 漁民研判F-16飛官恐北漂至宜蘭	花蓮空軍基地F-16V單座戰機6日晚間執行夜航訓練時，上尉飛官辛柏毅於花蓮縣豐濱鄉東面10浬失聯，海巡不放棄搜救，上午派遣3艦12艇次、岸際	114878	https://udn.com/news/story/7320/9252459	提議：僅順帶提及
chaosi-eggs	超思進口蛋案	high	11	1	2025-08-29	udn	超思案「檢認定無不法」 陳駿季：檢調證明清白對同仁是好事	超思進口雞蛋弊案，農業部前部長陳吉仲、現任部長陳駿季、中央畜產會前董事長林聰賢、農業部畜牧司前司長張經緯、司長李宜謙等五人被告發瀆職、圖利罪	137634	https://udn.com/news/story/7321/8970674	提議：標題直接指向該案件
chaosi-eggs	超思進口蛋案	high	11	1	2025-08-29	udn	超思案涉詐6千萬 吳諭非母女、畜產會專員3人起訴	台北地檢署偵辦超思公司進口雞蛋弊案歷經兩年，認定超思負責人秦語喬的女兒吳諭非高報進口雞蛋價格，詐欺中央畜產會匯款六○八五萬一四五七元，昨依詐	82419	https://udn.com/news/story/124225/8970197	提議：標題直接指向該案件
chaosi-eggs	超思進口蛋案	high	11	1	2025-08-28	udn	超思蛋詐畜產會6085萬元！北檢今起訴負責人秦語喬、吳諭非共3人	台北地檢署偵辦超思進口雞蛋弊案歷經2年，認定超思公司負責人秦語喬的女兒吳諭非高報進口雞蛋價格，詐欺中央畜產會匯款共6085萬1457元，檢方	82415	https://udn.com/news/story/124225/8968985	提議：標題直接指向該案件
chaosi-eggs	超思進口蛋案	high	9	1	2025-08-28	udn	安全下莊！超思蛋偵查2年...農業部官員都沒事 陳吉仲、陳駿季均簽結	台北地檢署偵辦超思進口雞蛋弊案2年時間，今依詐欺取財等罪起訴認定超思公司負責人秦語喬、女兒吳諭非、畜產會前專員吳俊達。然而，農業部前部長陳吉	82406	https://udn.com/news/story/124225/8969171	提議：標題直接指向該案件
chaosi-eggs	超思進口蛋案	high	8	1	2025-08-29	udn	超思案被控圖利 陳吉仲、林聰賢安全下莊	超思進口雞蛋弊案，農業部前部長陳吉仲、陳駿季、中央畜產會前董事長林聰賢、農業部畜牧司前司長張經緯、司長李宜謙等五人被告發瀆職、圖利罪，檢方認	74295	https://udn.com/news/story/124225/8970206	提議：標題直接指向該案件
chaosi-eggs	超思進口蛋案	high	7	1	2025-08-28	udn	詐領6千萬超思案起訴 黃國昌：綠色高官全數安全下莊「黨證無敵」	台北地檢署偵辦超思進口雞蛋案，偵查終結起訴主嫌吳諭非、超思負責人秦語喬及時任畜產會專員吳俊達。民眾黨立法院黨團總召黃國昌今天表示，超思弊案詐	89451	https://udn.com/news/story/124225/8969182	提議：標題直接指向該案件
chaosi-eggs	超思進口蛋案	high	6	1	2025-08-28	udn	北檢起訴超思案等3人 徐巧芯批：大案小辦、高官沒事	北檢今起訴超思案中負責人秦語喬、吳諭非共3人，國民黨立委徐巧芯批評，這根本大案小辦，起訴吳姓母女及一個小公務人員，難道沒有上級長官監督不力問	37856	https://udn.com/news/story/124225/8969525	提議：標題直接指向該案件
chaosi-eggs	超思進口蛋案	high	5	1	2025-08-29	udn	冷眼集／超思案對比柯文哲 北檢坐實看顏色辦案	超思進口雞蛋案昨天偵查終結，遭告發涉及瀆職的時任農業部長陳吉仲、畜產會董事長林聰賢等五名綠色高官均「安全下莊」，理由是檢方認定無具體犯罪事證	50404	https://udn.com/news/story/124225/8970210	提議：標題直接指向該案件
chaosi-eggs	超思進口蛋案	high	5	1	2025-08-29	udn	超思案三人起訴 陳駿季：引以為戒 農產缺口不再專案進口	超思雞蛋弊案歷時兩年偵辦，台北地檢署認定超思負責人秦語喬的女兒吳諭非高報進口雞蛋價格，昨依詐欺取財、使公務員登載不實罪起訴吳諭非、秦語喬及畜	137635	https://udn.com/news/story/7321/8971297	提議：標題直接指向該案件
chaosi-eggs	超思進口蛋案	high	4	1	2025-10-21	udn	吳諭非「超思蛋案」獲利6080萬有雙重國籍 再限境8月接受科技監控	檢調偵辦超思、亮采進口雞蛋案今年8月依詐欺等罪起訴超思負責人秦語喬，秦的女兒吳諭非、時任畜產會專員吳俊達；吳女限制出境處分將屆，台北地院合議	116906	https://udn.com/news/story/7321/9085220	提議：標題直接指向該案件
chaosi-eggs	超思進口蛋案	high	4	1	2025-08-29	udn	超思案／綠高官安全下莊 黃國昌：黨證無敵	台北地檢署偵辦超思進口雞蛋案，偵查終結起訴主嫌吳諭非、超思負責人秦語喬及時任畜產會專員吳俊達。民眾黨立法院黨團總召黃國昌昨表示，超思弊案詐領	37876	https://udn.com/news/story/124225/8970207	提議：標題直接指向該案件
chaosi-eggs	超思進口蛋案	high	3	1	2024-10-28	udn	北檢查超思案約談陳吉仲林聰賢 黃國昌酸假動作不期待	台北地檢署偵辦超思與亮采進口雞蛋案，今天上午傳喚農業部前部長陳吉仲、中央畜產會前董事長林聰賢、農業部長陳駿季等3人到案。民眾黨立法院黨團總召	89293	https://udn.com/news/story/7315/8320452	提議：標題直接指向該案件
chaosi-eggs	超思進口蛋案	high	2	1	2025-12-12	udn	福麥5.9億炸藥標案 挨批超思翻版 藍委：還附9億開口合約	國防部近期招標五點九億元「ＲＤＸ海掃更」炸藥標案，由位於台南的福麥國際室內裝修公司得標；國民黨立委馬文君昨天指出，標案還附帶後續開口合約近九	31054	https://udn.com/news/story/10930/9198147	提議：標題直接指向該案件
chaosi-eggs	超思進口蛋案	high	2	1	2025-08-28	udn	超思案偵查終結「檢認定無不法」 陳吉仲：還我個人清白與同仁公道	台北地檢署偵辦超思進口雞蛋弊案長達2年，今依詐欺取財等罪起訴認定超思公司負責人秦語喬、女兒吳諭非、畜產會前專員吳俊達，而農業部前部長陳吉仲、	74293	https://udn.com/news/story/124225/8969619	提議：標題直接指向該案件
chaosi-eggs	超思進口蛋案	medium	3	0	2025-12-15	udn	賣鞋商大石國際得標2億元軍火案 凌濤楊智伃赴北檢告發國防部	桃園市議員凌濤爆料鞋商「大石」公司拿到兩2億元軍火標案，昨再質疑該公司從登記新增軍火槍砲品項到拿標案僅花41天，根本是軍火商業奇蹟；大石公司	168094	https://udn.com/news/story/10930/9204060	人工判讀
chaosi-eggs	超思進口蛋案	medium	3	0	2025-12-12	udn	5.9億炸藥標案 凌濤：賴清德總統把顧立雄當防火牆	國防部5.9億元「RDX海掃更」炸藥標案日前由福麥國際室內裝修公司得標，引發各界議論。國民黨桃園市議員凌濤今批福麥負責人至今神隱，而國防部長	169644	https://udn.com/news/story/10930/9198536	人工判讀
chaosi-eggs	超思進口蛋案	medium	2	0	2026-02-02	udn	林聰賢轉戰公股金控 在野齊轟「政治酬庸」	公股金融體系再出現高層人事酬庸爭議。據了解，兆豐金控與兆豐資產管理公司在上周舉行董事會，通過由宜蘭縣前縣長、前農委會（現農業部）主委林聰賢接	56043	https://udn.com/news/story/6656/9302763	人工判讀
chaosi-eggs	超思進口蛋案	low	2	0	2026-06-18	udn	影／蔣萬安再提廢監察院 相信黨團會持續討論並凝聚共識	台北市長蔣萬安今出席信維整宅招商活動時，再度主張廢除監察院。蔣萬安表示監察院近年未發揮原有監督功能，甚至淪為政治酬庸機構，無論國防採購案或超	33429	https://udn.com/news/story/6656/9574349	提議：僅順帶提及
chaosi-eggs	超思進口蛋案	low	2	0	2025-12-16	udn	福麥5.9億RDX標案風波未歇 凌濤提3點再度槓上顧立雄	福麥承攬國防部5.9億元「RDX海掃更」炸藥標案引發爭議，至今風波未歇。國民黨桃園市議員凌濤檢視國防部長顧立雄立院備詢內容，今提3點質疑，指	169650	https://udn.com/news/story/10930/9206230	提議：僅順帶提及
chaosi-eggs	超思進口蛋案	low	1	0	2026-07-08	chinatimes	府院黨急定調跨境鎮壓 移轉致癌油危機	毒油風波延燒，問題油品流向何處、主管機關是否把關失靈，社會尚待深入追究，但媒體人矢板明夫一遭陸籍人士攻擊，府院黨彷彿抓到了救命稻草，旋即將暴	235545	https://www.chinatimes.com/newspapers/20260708000618-260118	提議：僅順帶提及
chaosi-eggs	超思進口蛋案	low	1	0	2026-06-23	udn	廢監院？綠白互嗆先提修憲案	台北市長蔣萬安與民眾黨近日喊話修憲廢除監院。民進黨立院黨團總召蔡其昌昨接受專訪，指民進黨過去到現在都主張廢除考試院與監察院，期待藍白這次一起	14355	https://udn.com/news/story/6656/9581867	提議：僅順帶提及
chaosi-eggs	超思進口蛋案	low	1	0	2026-06-23	udn	專訪／蔣萬安轟監院已成魔戒、憲法怪物 提「阿扁」當年做這事	台北市長蔣萬安接受聯合報專訪，完整還原拋出「廢監院」想法始末，他直言「被扭曲的監察院已成為政治人物的魔戒，還要讓被扭曲、失去當時設計功能的監	90685	https://udn.com/news/story/6656/9582178	提議：僅順帶提及
chaosi-eggs	超思進口蛋案	low	1	0	2026-06-19	chinatimes	蔣萬安倡廢監院 已和北市5藍委溝通	台北市長蔣萬安日前「開第一槍」要求廢除監察院，引起政壇熱議，不過國民黨中央17日表示，黨內將充分溝通、凝聚共識再做合宜處理，似乎和蔣不同調。	212975	https://www.chinatimes.com/newspapers/20260619000445-260118	提議：僅順帶提及
chaosi-eggs	超思進口蛋案	low	1	0	2026-06-18	udn	拋廢監院跟黨中央立場不一？ 蔣萬安盼有共識：立院黨團有自主性	台北市長蔣萬安上周拋出廢監察院引發熱議，但國民黨中央卻表示仍需凝聚共識，被質疑態度不一致。蔣表示，民眾都認為監察院這段時間並未發揮其功能，甚	103935	https://udn.com/news/story/6656/9574077	提議：僅順帶提及
chaosi-eggs	超思進口蛋案	low	1	0	2026-06-18	chinatimes	「開第一槍」廢監院？蔣萬安：綠一貫主張 已和北市5藍委溝通過	台北市長蔣萬安日前「開第一槍」要求廢除監察院，引起政壇熱議，不過國民黨中央17日表示，黨內也有很多不同的意見，會充分溝通凝聚共識之後再做合宜	215040	https://www.chinatimes.com/realtimenews/20260618002228-260407	提議：僅順帶提及
chaosi-eggs	超思進口蛋案	low	1	0	2026-06-14	chinatimes	酸爆陳菊「末代監院」 殷瑋調侃綠營提好提滿：這叫穿島末數代	總統府11日公布第七屆監察院正副院長及監察委員提名名單，引發在野黨質疑，綠營長期主張廢除監察院，如今卻「提好提滿」。台北市長蔣萬安更拋出修憲	234905	https://www.chinatimes.com/realtimenews/20260614001335-260407	提議：僅順帶提及
chaosi-eggs	超思進口蛋案	low	1	0	2026-06-14	chinatimes	又被殷瑋預判！沈伯洋拿釋字632號酸蔣萬安 反遭打臉	又被預判！沈伯洋酸蔣萬安不懂法律　下一秒慘遭殷瑋打臉 @ChinaTimes ​ 訂閱影音： 中時新聞網  總統府日前公布29名監察院監委名	215025	https://www.chinatimes.com/realtimenews/20260614002238-260407	提議：僅順帶提及
chaosi-eggs	超思進口蛋案	low	1	0	2026-06-13	udn	反擊監院人事提名！蔣萬安提議 監察院先凍再廢	總統府公布監委提名名單，台北市長蔣萬安質疑監院近年在爭議案件中表現消極，並表示現在不是人選的問題，而是監察院存廢的問題，「爾俸爾祿，民脂民膏	39511	https://udn.com/news/story/10878/9563649	提議：僅順帶提及
chaosi-eggs	超思進口蛋案	low	1	0	2026-06-13	chinatimes	蔣萬安稱民眾看不起監院 應廢	總統府11日公布監察院正副院長及監察委員提名名單，由於綠營長期主張廢除監察院，卻「提好提滿」，台北市長蔣萬安11日拋出要修憲廢監院，昨更表示	208661	https://www.chinatimes.com/newspapers/20260613000400-260121	提議：僅順帶提及
chaosi-eggs	超思進口蛋案	low	1	0	2026-06-12	udn	影／拋「整院廢掉」 蔣萬安：監察院非特定人士保護傘	總統府公布29位監察委員提名名單，台北市長蔣萬安今天在南投表示，問題不在人選，而是監察院存廢。他質疑監察院近年未發揮監督功能，甚至在多起重大	101181	https://udn.com/news/story/10878/9562314	提議：僅順帶提及
chengxin-solar	誠新綠能案	high	2	1	2026-07-04	chinatimes	台南 涉挪用資金 誠新綠能6人遭押	國內漁電共生龍頭誠新綠能，繼去年遭爆出積欠包商工程款逾10億元的財務危機後，6月底傳出陳姓負責人、劉姓、鄭姓及2名李姓等公司幹部，非法挪用公	233213	https://www.chinatimes.com/newspapers/20260704000544-260107	提議：標題直接指向該案件
chengxin-solar	誠新綠能案	high	2	1	2026-07-03	udn	誠新綠能爆積欠包商逾10億 台南檢調警兩波搜索6人遭收押	台積電的綠能供應商誠新綠能爆出積欠承包商工程款逾10億元，致部分案場停工，受害廠商組成自救會，質疑資金流向不明，台南檢調警陸續發動兩波搜索行	164197	https://udn.com/news/story/7321/9604507	提議：標題直接指向該案件
chengxin-solar	誠新綠能案	high	2	1	2026-07-03	chinatimes	誠新綠能爆內部主管非法挪用資金 涉背信侵占6人遭羈押	台積電綠電供應商、漁電共生龍頭誠新綠能，去年遭爆出積欠包商工程款逾10億元，部分案場停工消息的財務危機。最近傳出陳姓、劉姓、鄭姓及2名李姓等	233212	https://www.chinatimes.com/realtimenews/20260703001889-260402	提議：標題直接指向該案件
